[
     {
          "src": "../img/1.jpg",
          "default" : "./img/cover.jpg"
     },
     {
          "src": "../img/1.jpg",
          "default" : "./img/cover.jpg"
     },
     {
          "src": "../img/2.jpg",
          "default" : "./img/cover.jpg"
     },
     {
          "src": "../img/2.jpg",
          "default" : "./img/cover.jpg"
     },
     {
          "src": "../img/3.jpg",
          "default" : "./img/cover.jpg"
     },
     {
          "src": "../img/3.jpg",
          "default" : "./img/cover.jpg"
     },
     {
          "src": "../img/4.jpg",
          "default" : "./img/cover.jpg"
     },
     {
          "src": "../img/4.jpg",
          "default" : "./img/cover.jpg"
     },
     {
          "src": "../img/5.jpg",
          "default" : "./img/cover.jpg"
     },
     {
          "src": "../img/5.jpg",
          "default" : "./img/cover.jpg"
     },
     {
          "src": "../img/6.jpg",
          "default" : "./img/cover.jpg"
     },
     {
          "src": "../img/6.jpg",
          "default" : "./img/cover.jpg"
     },
     {
          "src": "../img/7.jpg",
          "default" : "./img/cover.jpg"
     },
     {
          "src": "../img/7.jpg",
          "default" : "./img/cover.jpg"
     },
     {
          "src": "../img/8.jpg",
          "default" : "./img/cover.jpg"
     },
     {
          "src": "../img/8.jpg",
          "default" : "./img/cover.jpg"
     }
]