[
    {
        "id": "aprender-en-comunidad",
        "text": "Aprender en Comunidad"     
    },
    {
        "id": "amor-amistad",
        "text": "a+"     
    },
    {
        "id": "aca-los-paisanos",
        "text": "Acá los paisanos"     
    },
    {
        "id": "a-la-cachi-cachi-porra",
        "text": "A La Cachi Cachi Porra"     
    },
    {
        "id": "aprender-a-envejecer",
        "text": "Aprender a envejecer"     
    },
    {
        "id": "aqui_toco_vivir",
        "text": "Aquí Nos Tocó Vivir"     
    },
    {
        "id": "aventura_mexico_desconocido",
        "text": "Aventura México desconocido"     
    },
    {
        "id": "chamuco_logo",
        "text": "Chamuco TV"     
    },
    {
        "id": "conciertos_ipn",
        "text": "Conciertos IPN"     
    },
    {
        "id": "especiales_ciudad_mexico",
        "text": "Especiales La Ciudad de México"     
    },
    {
        "id": "futuro_nuestro_futuro",
        "text": "Tu futuro, nuestro futuro"     
    },
    {
        "id": "historia_once",
        "text": "Historia once"     
    },
    {
        "id": "inclusion_radical",
        "text": "Inclusión Radical"     
    },
    {
        "id": "ingredientes_originales",
        "text": "Ingredientes originales"     
    },
    {
        "id": "itinerario",
        "text": "Itinerario"     
    },
    {
        "id": "largo_aliento",
        "text": "Largo Aliento"     
    },
    {
        "id": "lenguas_resistencia",
        "text": "Lenguas en Resistencia"     
    },
    {
        "id": "un_lugar_llamado_mexico",
        "text": "Un lugar llamado México"     
    },
    {
        "id": "lugares_secretos",
        "text": "Lugares Secretos"     
    },
    {
        "id": "mexico_biocultural",
        "text": "México Biocultural"     
    },
    {
        "id": "mexico_social",
        "text": "México Social"     
    },
    {
        "id": "moneros",
        "text": "Moneros"     
    },
    {
        "id": "noche_boleros",
        "text": "Noche, Boleros y Son"     
    },
    {
        "id": "oncelab",
        "text": "Oncelab"     
    },
    {
        "id": "operacion_mamut",
        "text": "Operación mamut"     
    },
    {
        "id": "para_no_olvidar",
        "text": "Para no olvidar"     
    },
    {
        "id": "paso_paso",
        "text": "Paso a paso"     
    },
    {
        "id": "perspectivas_historicas",
        "text": "Perspectivas históricas"     
    },
    {
        "id": "punto_referencia",
        "text": "Punto de referencia"     
    },
    {
        "id": "relatos_mujeres",
        "text": "Relatos Mujeres"     
    },
    {
        "id": "ruta_ciencia",
        "text": "La ruta de la ciencia"     
    },
    {
        "id": "ruta_sabor",
        "text": "La Ruta Del Sabor"     
    },
    {
        "id": "sacro_prrofano",
        "text": "Sacro y Profano"     
    },
    {
        "id": "la_sazon_mercado",
        "text": "La sazón de mi mercado"     
    },
    {
        "id": "si_somos",
        "text": "Sí somos"     
    },
    {
        "id": "sin_margen",
        "text": "Sin margen"     
    },
    {
        "id": "sin_muros",
        "text": "Sin muros"     
    },
    {
        "id": "tap",
        "text": "Tap"     
    },
    {
        "id": "tu_cocina",
        "text": "Tu cocina"     
    },
    {
        "id": "verdrag",
        "text": "Verdrag"     
    },
    {
        "id": "versiones_publicas",
        "text": "Versiones Publicas"     
    },
    {
        "id": "barra",
        "text": "En la Barra"     
    },
    {
        "id": "calle_11",
        "text": "Calle 11"     
    },
    {
        "id": "como_celebro",
        "text": "Cómo Lo Celebro"     
    },
    {
        "id": "conmemoraciones",
        "text": "Conmemoraciones"     
    },
    {
        "id": "corazon_mexico",
        "text": "En el corazón de México"     
    },
    {
        "id": "cristianos_armas",
        "text": "Cristianos en armas"     
    },
    {
        "id": "cronicas_relatos_mexico",
        "text": "Crónicas Y Relatos De México"     
    },
    {
        "id": "d_todo",
        "text": "D Todo"     
    },
    {
        "id": "desfiladero",
        "text": "Desfiladero"     
    },
    {
        "id": "dialogos_confianza",
        "text": "Diálogos en Confianza"     
    },
    {
        "id": "diario_viaje",
        "text": "Diario de Viaje"     
    },
    {
        "id": "dinero_poder",
        "text": "Dinero y Poder"     
    },
    {
        "id": "entre_redes",
        "text": "Entre Redes"     
    },
    {
        "id": "especiales_once",
        "text": "Especiales del Once"     
    },
    {
        "id": "factor_ciencia",
        "text": "Factor Ciencia"     
    },
    {
        "id": "foro_once",
        "text": "Foro Once"     
    },
    {
        "id": "futbol_americano",
        "text": "Fútbol Americano"     
    },
    {
        "id": "guinda_blanco",
        "text": "Guinda y Blanco"     
    },
    {
        "id": "hagamos_suceda",
        "text": "Hagamos que Suceda"     
    },
    {
        "id": "historia_neoliberalismo",
        "text": "Historia del Neoliberalismo"     
    },
    {
        "id": "historia_pueblo_mexicano",
        "text": "Historia del pueblo mexicano"     
    },
    {
        "id": "historia_vida",
        "text": "Historias De Vida"     
    },
    {
        "id": "huelum",
        "text": "Huelum"     
    },
    {
        "id": "libro_rojo",
        "text": "El Libro Rojo"     
    },
    {
        "id": "mitolibrero",
        "text": "Mitolibrero"     
    }
]